Dinucleotide,Seq1_Percentage,Seq2_Percentage
CU,5.2547847466615245,4.497718616840755
UA,4.218290507641132,7.573815000565633
AC,6.296099889119221,5.349937780459293
CC,6.464831509424866,3.25427052302123
AA,6.026129296630189,9.416833213922093
C ,1.9138986646097478,1.3339492439383083
 C,1.9187195680470521,1.3094385157811381
CA,4.3002458660753025,4.076322636600174
AG,4.8980378923010175,4.832384328217505
GG,6.1562936894374,3.539914778083638
G ,1.9910331196066142,1.4480184019005242
 G,1.8223014993009692,1.4527320034692108
GA,6.2864580822446126,5.6035295448546325
GU,6.122547365376271,5.961763264074815
UU,6.860145591283806,10.010747011576605
UC,6.594995902232078,5.381990271126362
UG,4.338813093573736,4.593876088841962
CG,5.221038422600395,2.8168482974471134
GC,1.8801523405486187,0.68252950714582
AU,3.702453839849588,7.0223236170293
 A,1.889794147423227,2.4133640031675405
U ,1.9862122161693103,2.448244654775821
 U,2.0585257677288724,2.5170632376786455
A ,1.7981969821144483,2.462385459481881
