Trinucleotide,"Percentages (Seq1, Seq2)"
GGC,"(0.5833574390126314, 0.16780579778458637)"
CGC,"(0.4821135859608524, 0.1348102757482913)"
GCC,"(0.5447883521357633, 0.16026396417629035)"
